id;name;annotation;full_description;picture_link;period
1;Latvia;Ports Manager Fish;Networked;Fish;36646
2;program alarm;Nevada;Berkshire;dedicated Persevering;97301
3;target Human withdrawal;dot-com payment Libyan Dinar;white sensor local;calculate;4360
4;Representative;Response Human;back up Factors;architectures;96665
5;Strategist SDD;functionalities;compressing;Bedfordshire;37268
6;matrix calculating;Arkansas Intelligent Credit Card Account;intuitive Open-architected system-worthy;program;69701
7;Sudanese Pound;France protocol;open-source HDD;Sleek Beauty Auto Loan Account;19427
8;Handcrafted Cotton Bacon Unbranded Fresh Pants;incubate;interfaces;Garden Dale Wallis and Futuna;28654
9;Utah Computers Small Fresh Gloves;Brunei Darussalam interface;compress lavender Investment Account;backing up;19438
10;relationships Philippine Peso;panel;Analyst card Licensed Cotton Ball;mindshare Gorgeous;2535
