id;npart;download_link;download_description;test_name;test_question_count
1;18433;Refined infomediaries Som;Salad;ROI;23978
2;54922;microchip;Response invoice;alarm Jamaica;61172
3;73003;Gorgeous Rubber Pants Cheese;Garden;Small;9415
4;4072;JBOD;Shoes Music connect;Hollow Shoes systems;39850
5;4805;Web HTTP;implement;Optimization Cambridgeshire;53937
6;65869;Soap Tasty Metal Sausages Outdoors;invoice multi-byte;incubate deposit Station;54561
7;82063;Investment Account parsing invoice;black;yellow;37725
8;1822;Generic;robust withdrawal generate;Garden open-source hybrid;11816
9;69289;extensible Accountability Handmade Cotton Bacon;intermediate Table quantify;Wyoming interface Cotton;25001
10;77641;user-centric Infrastructure;Managed Dobra application;Fantastic;90255
