id;title;date;body;author
1;interface;2019-12-12;Kentucky;blue internet solution Concrete
2;distributed Ranch impactful;2019-12-12;Club Nebraska;Nevada quantify architectures
3;empower;2019-12-12;Dynamic Home Loan Account;dot-com
4;methodology Integration Music;2019-12-12;24/7;Pizza blue
5;digital;2019-12-12;bypassing Sleek Steel Shirt Rand Namibia Dollar;Fresh incubate Agent
6;Jewelery Engineer Bedfordshire;2019-12-12;programming hard drive Mexico;stable override
7;Director;2019-12-12;tan program;Metal Auto Loan Account
8;Awesome;2019-12-12;Applications;Montenegro
9;frictionless;2019-12-12;Bahamas;Manager open architecture
10;Gorgeous Metal Shoes;2019-12-12;Mall Investment Account;scalable Configuration calculating
