id;name;degree;email;photo;about
1;Personal Loan Account markets;SCSI Aruba Chair;Garth.Sanford98@yahoo.com;Shirt Credit Card Account disintermediate;transmitting Tennessee Practical Steel Shirt
2;24/7;Refined;Raoul_Lesch99@hotmail.com;Monaco input Accounts;enhance Multi-channelled purple
3;Response;white SMTP;Liam.Beahan@hotmail.com;Baby;Kyrgyz Republic transmit
4;solution connecting;California PNG engage;Jayce_Barrows@gmail.com;Credit Card Account transmitter cyan;Checking Account
5;seamless New York mesh;Unbranded array;Jonathon_Kirlin39@yahoo.com;Home Loan Account;CFP Franc back-end Via
6;Buckinghamshire Business-focused Canyon;Investment Account frictionless orchid;Dayana53@yahoo.com;Creek;Shirt Metal
7;Mouse Rupiah;Human Mission;Wava.DAmore@hotmail.com;Licensed Wooden Pants;e-business
8;Awesome;Kiribati;Cooper.Trantow@yahoo.com;open architecture alliance;online
9;Bulgarian Lev Cambridgeshire;Regional;Abdiel_Gorczany8@gmail.com;Savings Account Manager Guyana;Bedfordshire Auto Loan Account back-end
10;monitor Small Wooden Ball;feed;Rosalinda_Langosh3@hotmail.com;ADP;Hungary Configurable
